Company Name,Website,Phone,Address,Emails Found,Status
Triwave Technologies,http://www.triwave.co.za/,,"292 Louis Botha Ave, Orange Grove, Johannesburg, 2119, South Africa","info@triwave.co.za,larry@triwave.co.za,sales@triwave.co.za,sheldon@triwave.co.za",
Lesco Manufacturing (Pty) Ltd,http://www.lescosk.com/,+27 11 613 7417,"Unit 2A, 36 Fortune St, City Deep, Johannesburg, 2197, South Africa",sales@lescosk.co.za,
MERSEN SOUTH AFRICA PTY LTD,https://www.mersen.com/,+27 11 474 0000,"02 Wright St, Industria West, Johannesburg, 2093, South Africa",,
RSE ELECTRONICS,http://www.rseelectronics.co.za/,+27 11 334 4158,"cnr William Kirby, 73 Rosettenville Rd, Village Main, Johannesburg South, 2001, South Africa",,
S.J. Andrews electronics (PTY) LTD,http://www.sjandrews.co.za/,+27 11 444 1521,"41 14th St, Marlboro, Johannesburg, 2090, South Africa",,
TOPTRONIC Ltd,http://www.toptronic.com/,+852 9440 1464,"34 Milkyway Ave, Linbro Park, Sandton, 2090, South Africa",,
Omron Electronics (Pty) Ltd,http://www.industrial.omron.co.za/,+27 11 579 2600,"22 Friesland Dr, Westfield, Lethabong, 1609, South Africa","orders_ct@omron.com,orders_dbn@omron.com,orders_jhb@omron.com",
ElectroMechanica Johannesburg,http://www.em.co.za/,+27 11 249 5000,"14 Data Cres, Ormonde, Johannesburg South, 2091, South Africa",info@em.co.za,
Tower Electronic Systems CC,http://www.towerelectronics.co.za/,+27 11 493 5889,"17 Fennell Rd, Village Deep, Johannesburg, 2001, South Africa",info@towerelectronics.co.za,
